Workbook

Sheet How to Use
A1: AI Visibility Tracker — Custom Home Builders (Vancouver, WA)
A2: PoC · GEO Teardown Playbook · Step 2 (AI Visibility baseline)
A4: THE METHOD
A5: One query, all three | B5: Run each money query ONCE per engine. In that same answer, record where ALL THREE builders land — plus who is cited instead. Do not run three separate passes.
A6: Targets | B6: Kingston Homes (Patrick's build) · Generation Homes NW (Patrick's build) · Urban NW Homes (independent control).
A7: Scope | B7: 5 money queries × 4 engines = 20 runs. That is the whole baseline. Fan-out sub-queries come later, only where gaps cluster.
A8: Google SERP tab | B8: When Google shows a Local Pack instead of an AI Overview, record the pack + organic winners on the 'Google SERP Snapshot' tab — keep those OUT of the AI 'Competitors named' column (that column = who the AI ANSWER cited).
A10: BEFORE YOU START — set the conditions (note them on the Data tab)
A11: Location | B11: Set your search location to Vancouver, WA. AI + local results are location-based.
A12: Logged out | B12: Run in an incognito/private window, signed out, to reduce personalization.
A13: Date | B13: AI answers change constantly. Record the date — this is a point-in-time snapshot.
A14: Screenshot everything | B14: Save a screenshot of each answer; note the filename in Notes. It is your evidence for Patrick.
A16: WHAT EACH COLUMN MEANS
A17: Answer shown? | B17: Did an AI answer / AI Overview appear at all? (Y/N). If none triggers, that itself is a finding.
A18: Client status (per builder) | B18: Cited = named AND linked · Mentioned = named, no link · Absent = not present · No answer = no AI answer appeared.
A19: Sources cited (domains) | B19: Which sites AI actually pulled — for home builders, usually Houzz, Parade of Homes / BIA, Google Maps, NARI, directories. Capture them.
A20: Competitors named | B20: Which competing builders AI cited instead (Pahlisch, New Tradition, Cascade West, etc.). This drives the competitive section.
A22: WHEN DONE
A23: Hand back | B23: Save and send me this file. I'll merge it into the Step 2 AI-visibility baseline and the competitive gap.

Sheet AI Visibility Data
A1: AI Visibility — query × engine (record all three builders in each answer)
A2: Fill C–I for each row. Status cells use dropdowns and color themselves. One answer scores all three builders + competitors.
A3: Tester: __________ Location set: Vancouver, WA Logged out (Y/N): _____ Date: __________
A4: Query | B4: Engine | C4: Answer shown? | D4: Kingston (Patrick) | E4: Generation NW (Patrick) | F4: Urban NW (control) | G4: Sources cited (domains) | H4: Competitors named | I4: Notes
A5: custom home builders Vancouver WA (EXAMPLE) | B5: Perplexity | C5: Y | D5: Absent | E5: Mentioned | F5: Absent | G5: houzz.com, parade of homes, google maps | H5: New Tradition Homes, Pahlisch Homes, Cascade West | I5: Example row — replace/delete. AI listed competitors from Houzz; none of our 3 were cited.
A6: custom home builders Vancouver WA | B6: Google AI Overview
A7: custom home builders Vancouver WA | B7: ChatGPT
A8: custom home builders Vancouver WA | B8: Perplexity
A9: custom home builders Vancouver WA | B9: Gemini
A10: luxury home builders Clark County WA | B10: Google AI Overview
A11: luxury home builders Clark County WA | B11: ChatGPT
A12: luxury home builders Clark County WA | B12: Perplexity
A13: luxury home builders Clark County WA | B13: Gemini
A14: custom home builders Camas WA | B14: Google AI Overview
A15: custom home builders Camas WA | B15: ChatGPT
A16: custom home builders Camas WA | B16: Perplexity
A17: custom home builders Camas WA | B17: Gemini
... A25: best custom home builders Vancouver WA | B25: Gemini

Sheet Google SERP Snapshot
A1: Google SERP Snapshot — traditional surface vs. AI (per money query)
A2: Google only, logged out, Vancouver WA. Per query: did an AI Overview trigger, who owns the Local Pack + organic top-3, and do any of our 3 builders appear? Captures the Maps/organic vs. AI overlap.
A3: Money query | B3: AIO triggered? | C3: Local Pack (top 3) | D3: Organic top-3 | E3: Our 3 present? (which) | F3: Notes
A4: custom home builders Vancouver WA (EXAMPLE) | B4: N | C4: New Tradition, Pahlisch, Cascade West | D4: Houzz, Parade of Homes, Angi | E4: None of our 3 | F4: Example — Local Pack shown instead of AIO; none of our builders in pack or top-3.
A5: custom home builders Vancouver WA
A6: luxury home builders Clark County WA
A7: custom home builders Camas WA
A8: design-build home builder Vancouver WA
A9: best custom home builders Vancouver WA

Sheet Summary
A1: AI Visibility Summary (auto-calculated)
A2: Updates as you fill the Data tab. Headline stats for the teardown.
A4: Per-builder visibility
A5: Metric | B5: Kingston | C5: Generation NW | D5: Urban NW
A6: Responses logged | B6: =COUNTA('AI Visibility Data'!D6:D25) -> 0 | C6: =COUNTA('AI Visibility Data'!E6:E25) -> 0 | D6: =COUNTA('AI Visibility Data'!F6:F25) -> 0
A7: Cited (named + linked) | B7: =COUNTIF('AI Visibility Data'!D6:D25,"Cited") -> 0 | C7: =COUNTIF('AI Visibility Data'!E6:E25,"Cited") -> 0 | D7: =COUNTIF('AI Visibility Data'!F6:F25,"Cited") -> 0
A8: Mentioned (no link) | B8: =COUNTIF('AI Visibility Data'!D6:D25,"Mentioned") -> 0 | C8: =COUNTIF('AI Visibility Data'!E6:E25,"Mentioned") -> 0 | D8: =COUNTIF('AI Visibility Data'!F6:F25,"Mentioned") -> 0
A9: Absent | B9: =COUNTIF('AI Visibility Data'!D6:D25,"Absent") -> 0 | C9: =COUNTIF('AI Visibility Data'!E6:E25,"Absent") -> 0 | D9: =COUNTIF('AI Visibility Data'!F6:F25,"Absent") -> 0
A10: No answer | B10: =COUNTIF('AI Visibility Data'!D6:D25,"No answer") -> 0 | C10: =COUNTIF('AI Visibility Data'!E6:E25,"No answer") -> 0 | D10: =COUNTIF('AI Visibility Data'!F6:F25,"No answer") -> 0
A11: Visibility rate (Cited+Mentioned) | B11: =IFERROR((B7+B8)/B6,"") | C11: =IFERROR((C7+C8)/C6,"") | D11: =IFERROR((D7+D8)/D6,"")
A13: Per-engine visibility % (Cited+Mentioned)
A14: Engine | B14: Kingston | C14: Generation NW | D14: Urban NW
A15: Google AI Overview | B15: =IFERROR((COUNTIFS('AI Visibility Data'!$B$6:$B$25,"Google AI Overview",'AI Visibility Data'!$D$6:$D$25,"Cited")+COUNTIFS('AI Visibility Data'!$B$6:$B$25,"Google AI Overview",'AI Visibility Data'!$D$6:$D$25,"Mentioned"))/(COUNTIFS('AI Visibility Data'!$B$6:$B$25,"Google AI Overview",'AI Visibility Data'!$D$6:$D$25,"<>")),"") | C15: =IFERROR((COUNTIFS('AI Visibility Data'!$B$6:$B$25,"Google AI Overview",'AI Visibility Data'!$E$6:$E$25,"Cited")+COUNTIFS('AI Visibility Data'!$B$6:$B$25,"Google AI Overview",'AI Visibility Data'!$E$6:$E$25,"Mentioned"))/(COUNTIFS('AI Visibility Data'!$B$6:$B$25,"Google AI Overview",'AI Visibility Data'!$E$6:$E$25,"<>")),"") | D15: =IFERROR((COUNTIFS('AI Visibility Data'!$B$6:$B$25,"Google AI Overview",'AI Visibility Data'!$F$6:$F$25,"Cited")+COUNTIFS('AI Visibility Data'!$B$6:$B$25,"Google AI Overview",'AI Visibility Data'!$F$6:$F$25,"Mentioned"))/(COUNTIFS('AI Visibility Data'!$B$6:$B$25,"Google AI Overview",'AI Visibility Data'!$F$6:$F$25,"<>")),"")
A16: ChatGPT | B16: =IFERROR((COUNTIFS('AI Visibility Data'!$B$6:$B$25,"ChatGPT",'AI Visibility Data'!$D$6:$D$25,"Cited")+COUNTIFS('AI Visibility Data'!$B$6:$B$25,"ChatGPT",'AI Visibility Data'!$D$6:$D$25,"Mentioned"))/(COUNTIFS('AI Visibility Data'!$B$6:$B$25,"ChatGPT",'AI Visibility Data'!$D$6:$D$25,"<>")),"") | C16: =IFERROR((COUNTIFS('AI Visibility Data'!$B$6:$B$25,"ChatGPT",'AI Visibility Data'!$E$6:$E$25,"Cited")+COUNTIFS('AI Visibility Data'!$B$6:$B$25,"ChatGPT",'AI Visibility Data'!$E$6:$E$25,"Mentioned"))/(COUNTIFS('AI Visibility Data'!$B$6:$B$25,"ChatGPT",'AI Visibility Data'!$E$6:$E$25,"<>")),"") | D16: =IFERROR((COUNTIFS('AI Visibility Data'!$B$6:$B$25,"ChatGPT",'AI Visibility Data'!$F$6:$F$25,"Cited")+COUNTIFS('AI Visibility Data'!$B$6:$B$25,"ChatGPT",'AI Visibility Data'!$F$6:$F$25,"Mentioned"))/(COUNTIFS('AI Visibility Data'!$B$6:$B$25,"ChatGPT",'AI Visibility Data'!$F$6:$F$25,"<>")),"")
A17: Perplexity | B17: =IFERROR((COUNTIFS('AI Visibility Data'!$B$6:$B$25,"Perplexity",'AI Visibility Data'!$D$6:$D$25,"Cited")+COUNTIFS('AI Visibility Data'!$B$6:$B$25,"Perplexity",'AI Visibility Data'!$D$6:$D$25,"Mentioned"))/(COUNTIFS('AI Visibility Data'!$B$6:$B$25,"Perplexity",'AI Visibility Data'!$D$6:$D$25,"<>")),"") | C17: =IFERROR((COUNTIFS('AI Visibility Data'!$B$6:$B$25,"Perplexity",'AI Visibility Data'!$E$6:$E$25,"Cited")+COUNTIFS('AI Visibility Data'!$B$6:$B$25,"Perplexity",'AI Visibility Data'!$E$6:$E$25,"Mentioned"))/(COUNTIFS('AI Visibility Data'!$B$6:$B$25,"Perplexity",'AI Visibility Data'!$E$6:$E$25,"<>")),"") | D17: =IFERROR((COUNTIFS('AI Visibility Data'!$B$6:$B$25,"Perplexity",'AI Visibility Data'!$F$6:$F$25,"Cited")+COUNTIFS('AI Visibility Data'!$B$6:$B$25,"Perplexity",'AI Visibility Data'!$F$6:$F$25,"Mentioned"))/(COUNTIFS('AI Visibility Data'!$B$6:$B$25,"Perplexity",'AI Visibility Data'!$F$6:$F$25,"<>")),"")
A18: Gemini | B18: =IFERROR((COUNTIFS('AI Visibility Data'!$B$6:$B$25,"Gemini",'AI Visibility Data'!$D$6:$D$25,"Cited")+COUNTIFS('AI Visibility Data'!$B$6:$B$25,"Gemini",'AI Visibility Data'!$D$6:$D$25,"Mentioned"))/(COUNTIFS('AI Visibility Data'!$B$6:$B$25,"Gemini",'AI Visibility Data'!$D$6:$D$25,"<>")),"") | C18: =IFERROR((COUNTIFS('AI Visibility Data'!$B$6:$B$25,"Gemini",'AI Visibility Data'!$E$6:$E$25,"Cited")+COUNTIFS('AI Visibility Data'!$B$6:$B$25,"Gemini",'AI Visibility Data'!$E$6:$E$25,"Mentioned"))/(COUNTIFS('AI Visibility Data'!$B$6:$B$25,"Gemini",'AI Visibility Data'!$E$6:$E$25,"<>")),"") | D18: =IFERROR((COUNTIFS('AI Visibility Data'!$B$6:$B$25,"Gemini",'AI Visibility Data'!$F$6:$F$25,"Cited")+COUNTIFS('AI Visibility Data'!$B$6:$B$25,"Gemini",'AI Visibility Data'!$F$6:$F$25,"Mentioned"))/(COUNTIFS('AI Visibility Data'!$B$6:$B$25,"Gemini",'AI Visibility Data'!$F$6:$F$25,"<>")),"")
A20: "Who AI cites instead" — synthesize from the Sources & Competitors columns on the Data tab.
